<?xml version="1.0" encoding="UTF-8"?>
<addon id="gameclient.mame"
		name="MAME (32-bit)"
		version="0.78.1"
		provider-name="Libretro">
	<requires>
		<import addon="xbmc.libretro" version="1.0.0"/>
	</requires>
	<extension point="xbmc.gameclient"
			library_android=""
			library_linux="libretro-mame.so"
			library_osx=""
			library_windx=""
			library_wingl="">
		<platforms></platforms>
		<extensions>zip</extensions>
		<allowvfs>false</allowvfs>
		<blockextract>false</blockextract>
	</extension>
	<extension point="xbmc.addon.metadata">
		<summary lang="en">MAME v0.78</summary>
		<description>This is a proof of concept build based on MAME v0.78. MAME stands for [B]M[/B]ultiple [B]A[/B]rcade [B]M[/B]achine [B]E[/B]mulator. MAME can currently emulate several thousand different classic arcade video games from the late 1970s through the modern era.

Supported files: .zip

Icon credit: peter-86 (peter-86.deviantart.com)

Source: https://github.com/libretro/mame078-libretro</description>
		<platform>linux</platform>
		<nofanart>true</nofanart>
		
	</extension>
</addon>