<?xml version="1.0" encoding="UTF-8"?>
<addon id="gameclient.dosbox"
        name="DOSBox"
		version="0.74.0"
        provider-name="Libretro">
    <requires>
        <import addon="xbmc.libretro" version="1.0.0"/>
    </requires>
    <extension point="xbmc.gameclient"
			library_android=""
			library_linux=""
			library_osx=""
			library_windx="libretro-git-dosbox.dll"
			library_wingl="libretro-git-dosbox.dll">
        <platforms></platforms>
		<extensions>exe|com|bat|conf</extensions>
		<allowvfs>no</allowvfs>
		<blockextract>no</blockextract>
    </extension>
    <extension point="xbmc.addon.metadata">
        <summary lang="en">DOSBox v0.74</summary>
        <description>DOSBox emulates an IBM PC compatible computer running MS-DOS. DOSBox can be configured to run a wide range of DOS games, from CGA/Tandy/PCjr classics up to games from the Quake era.

Supported files: .exe, .com, .bat, .conf. If loading exe/com/bat the system directory will be searched for a 'dosbox.conf' file to load. If loading a *.conf file DOSBox will be loaded with the options in the config file.

Source: https://github.com/libretro/dosbox-libretro</description>
		<platform>windx wingl</platform>
		<nofanart>true</nofanart>
		
    </extension>
</addon>