<?xml version="1.0" encoding="UTF-8"?>
<addon id="gameclient.mednafen.pce.fast"
		name="Mednafen PC Engine (Fast)"
		version="0.9.29"
		provider-name="Libretro">
	<requires>
		<import addon="xbmc.libretro" version="1.0.0"/>
	</requires>
	<extension point="xbmc.gameclient"
			library_android=""
			library_linux=""
			library_osx=""
			library_windx="mednafen_pce_fast_libretro.dll"
			library_wingl="mednafen_pce_fast_libretro.dll">
		<platforms>TurboGrafx-16|TurboGrafx CD</platforms>
		<extensions>pce|sgx|cue</extensions>
		<allowvfs>false</allowvfs>
		<blockextract>false</blockextract>
	</extension>
	<extension point="xbmc.addon.metadata">
		<summary lang="en">Mednafen v0.9.28 PC Engine / TurboGrafx 16 / SuperGrafx</summary>
		<description>Mednafen is a portable multi-system emulator. The "pce_fast" Mednafen emulation module is an experimental alternative to the pce emulation module, modified for speed at the expense of (usually) unneeded accuracy.

Supported files: .pce, .sgx, .cue

Source: https://github.com/libretro/mednafen-libretro</description>
		<platform>windx wingl</platform>
		<noicon>true</noicon>
		<nofanart>true</nofanart>
		
	</extension>
</addon>