<?xml version="1.0" encoding="UTF-8"?>
<addon id="gameclient.mednafen.pce.fast"
		name="Mednafen PC Engine (Fast)"
		version="0.9.26"
		provider-name="Libretro">
	<requires>
		<import addon="xbmc.libretro" version="1.0.0"/>
	</requires>
	<extension point="xbmc.gameclient"
			library_android=""
			library_linux=""
			library_osx=""
			library_windx="libretro-0924-mednafen-pce-fast-x86.dll"
			library_wingl="libretro-0924-mednafen-pce-fast-x86.dll">
		<platforms>TurboGrafx-16|TurboGrafx CD</platforms>
		<extensions>pce|cue|zip</extensions>
		<allowvfs>no</allowvfs>
		<blockextract>no</blockextract>
	</extension>
	<extension point="xbmc.addon.metadata">
		<summary lang="en">Mednafen v0.9.28 PC Engine / TurboGrafx 16 / SuperGrafx</summary>
		<description>Mednafen is a portable multi-system emulator. The "pce_fast" Mednafen emulation module is an experimental alternative to the pce emulation module, modified for speed at the expense of (usually) unneeded accuracy.

Supported files: .pce, .cue, .zip

Source: https://github.com/libretro/mednafen-libretro</description>
		<platform>windx wingl</platform>
		<noicon>true</noicon>
		<nofanart>true</nofanart>
		
	</extension>
</addon>