<?xml version="1.0" encoding="UTF-8"?>
<addon id="gameclient.mednafen.gba"
		name="Mednafen GBA"
		version="0.9.28"
		provider-name="Libretro">
	<requires>
		<import addon="xbmc.libretro" version="1.0.0"/>
	</requires>
	<extension point="xbmc.gameclient"
			library_android=""
			library_linux=""
			library_osx=""
			library_windx="mednafen_gba_libretro.dll"
			library_wingl="mednafen_gba_libretro.dll">
		<platforms>Game Boy Advance</platforms>
		<extensions>gba</extensions>
		<allowvfs>false</allowvfs>
		<blockextract>false</blockextract>
	</extension>
	<extension point="xbmc.addon.metadata">
		<summary lang="en">Mednafen GBA v0.9.28</summary>
		<description>Mednafen is a portable multi-system emulator. This is a port of the Mednafen GBA core to the libretro API.

Supported files: .gba

Source: https://github.com/libretro/mednafen-libretro</description>
		<platform>windx wingl</platform>
		<nofanart>true</nofanart>
		
	</extension>
</addon>