<?xml version="1.0" encoding="UTF-8"?>
<addon id="gameclient.mednafen.snes"
		name="Mednafen SNES"
		version="0.9.28"
		provider-name="Libretro">
	<requires>
		<import addon="xbmc.libretro" version="1.0.0"/>
	</requires>
	<extension point="xbmc.gameclient"
			library_android=""
			library_linux="mednafen_snes_libretro.so"
			library_osx=""
			library_windx=""
			library_wingl="">
		<platforms></platforms>
		<extensions>smc</extensions>
		<allowvfs>false</allowvfs>
		<blockextract>false</blockextract>
	</extension>
	<extension point="xbmc.addon.metadata">
		<summary lang="en">Mednafen SNES v0.9.28</summary>
		<description>Mednafen is a portable multi-system emulator. This is a port of the Mednafen SNES core to the libretro API.

Supported files: .smc

Source: https://github.com/libretro/mednafen-libretro</description>
		<platform>linux</platform>
		<nofanart>true</nofanart>
		
	</extension>
</addon>