<?xml version="1.0" encoding="UTF-8"?>
<addon id="gameclient.mednafen.wswan"
		name="Mednafen WonderSwan (32-bit)"
		version="0.9.29"
		provider-name="Libretro">
	<requires>
		<import addon="xbmc.libretro" version="1.0.0"/>
	</requires>
	<extension point="xbmc.gameclient"
			library_android=""
			library_linux="libretro-mednafen-wswan.so"
			library_osx=""
			library_windx=""
			library_wingl="">
		<platforms>WonderSwan|WonderSwan Color</platforms>
		<extensions>ws|wsc|zip</extensions>
		<allowvfs>false</allowvfs>
		<blockextract>false</blockextract>
	</extension>
	<extension point="xbmc.addon.metadata">
		<summary lang="en">Mednafen WonderSwan v0.9.28</summary>
		<description>Mednafen is a portable multi-system emulator. This is a port of the Mednafen WonderSwan core to the libretro API. Mednafen's WonderSwan (Color) emulation is based off of Cygne.

Supported files: .ws, .wsc, .zip

Source: https://github.com/libretro/mednafen-libretro</description>
		<platform>linux</platform>
		<nofanart>true</nofanart>
		
	</extension>
</addon>