<?xml version="1.0" encoding="UTF-8"?>
<addon id="gameclient.mednafen.ngp"
		name="Mednafen NGP"
		version="0.9.28"
		provider-name="Libretro">
	<requires>
		<import addon="xbmc.libretro" version="1.0.0"/>
	</requires>
	<extension point="xbmc.gameclient"
			library_android=""
			library_linux=""
			library_osx=""
			library_windx="mednafen_ngp_libretro.dll"
			library_wingl="mednafen_ngp_libretro.dll">
		<platforms></platforms>
		<extensions>gba</extensions>
		<allowvfs>no</allowvfs>
		<blockextract>no</blockextract>
	</extension>
	<extension point="xbmc.addon.metadata">
		<summary lang="en">Mednafen NGP v0.9.28</summary>
		<description>Mednafen is a portable multi-system emulator. This is a port of the Mednafen NGP core to the libretro API.

Supported files: .gba

Source: https://github.com/libretro/mednafen-libretro</description>
		<platform>windx wingl</platform>
		<nofanart>true</nofanart>
		
	</extension>
</addon>