<?xml version="1.0" encoding="UTF-8"?>
<addon id="gameclient.mednafen.vb"
		name="Mednafen VB"
		version="0.9.28"
		provider-name="Libretro">
	<requires>
		<import addon="xbmc.libretro" version="1.0.0"/>
	</requires>
	<extension point="xbmc.gameclient"
			library_android=""
			library_linux=""
			library_osx=""
			library_windx="mednafen_vb_libretro.dll"
			library_wingl="mednafen_vb_libretro.dll">
		<platforms></platforms>
		<extensions>vb|vboy|bin</extensions>
		<allowvfs>false</allowvfs>
		<blockextract>false</blockextract>
	</extension>
	<extension point="xbmc.addon.metadata">
		<summary lang="en">Mednafen VB v0.9.28</summary>
		<description>Mednafen is a portable multi-system emulator. This is a port of the Mednafen VB core to the libretro API.

Supported files: .vb, .vboy, .bin

Source: https://github.com/libretro/mednafen-libretro</description>
		<platform>windx wingl</platform>
		<nofanart>true</nofanart>
		
	</extension>
</addon>