<?xml version="1.0" encoding="UTF-8"?>
<addon id="gameclient.bsnes.accuracy"
		name="bSNES (Accuracy)"
		version="0.92.0"
		provider-name="Libretro">
	<requires>
		<import addon="xbmc.libretro" version="1.0.0"/>
	</requires>
	<extension point="xbmc.gameclient"
			library_android=""
			library_linux="libretro-bsnes-accuracy.so"
			library_osx=""
			library_windx=""
			library_wingl="">
		<platforms>SNES</platforms>
		<extensions>sfc|smc</extensions>
		<allowvfs>yes</allowvfs>
		<blockextract>no</blockextract>
	</extension>
	<extension point="xbmc.addon.metadata">
		<summary lang="en">bSNES v092 (Accuracy profile)</summary>
		<description>Libretro implementation of the core emulation in bSNES, a Super Nintendo (SNES) emulator. Written by byuu, ported by Ver Greeneyes and Themaister.

Supported files: .sfc, .smc

Icon credit: Alucryd (alucryd.deviantart.com)

Source: http://gitorious.org/bsnes/bsnes</description>
		<platform>linux</platform>
		<nofanart>true</nofanart>
		<!--<broken>Crashes on startup, single-frame audio, faulty VFS support</broken>-->
		
	</extension>
</addon>