<?xml version="1.0" encoding="UTF-8"?>
<addon id="gameclient.snes9x"
		name="Snes9x"
		version="1.53.0"
		provider-name="Libretro">
	<requires>
		<import addon="xbmc.libretro" version="1.0.0"/>
	</requires>
	<extension point="xbmc.gameclient"
			library_android=""
			library_linux="libretro-snes9x.so"
			library_osx=""
			library_windx=""
			library_wingl="">
		<platforms>SNES</platforms>
		<extensions>smc|sfc|gz|swc|fig|jma|zip</extensions>
		<allowvfs>false</allowvfs>
		<blockextract>false</blockextract>
	</extension>
	<extension point="xbmc.addon.metadata">
		<summary lang="en">Snes9x v1.53</summary>
		<description>Snes9x is a portable, freeware SNES and Super Famicom emulator. Snes9x is coded in C++, with three assembler CPU emulation cores on the i386 Linux and Windows ports.

Supported files: .smc, .sfc, .gz, .swc, .fig, .jma, .zip

Icon credit: Alucryd (alucryd.deviantart.com)

Source: https://github.com/snes9xgit/snes9x</description>
		<disclaimer>The Snes9X team is not connected or affiliated with any mentioned company in any way. The opinions of the Snes9X team do not reflect the views of the various companies mentioned here. Companies and all products pertaining to that company are trademarks of that company. Please contact that company for trademark and copyright information.</disclaimer>
		<platform>linux</platform>
		<nofanart>true</nofanart>
		
	</extension>
</addon>