<?xml version="1.0" encoding="UTF-8"?>
<addon id="gameclient.mednafen.psx"
		name="Mednafen PSX"
		version="0.9.28"
		provider-name="Libretro">
	<requires>
		<import addon="xbmc.libretro" version="1.0.0"/>
	</requires>
	<extension point="xbmc.gameclient"
			library_android=""
			library_linux="mednafen_psx_libretro.so"
			library_osx=""
			library_windx=""
			library_wingl="">
		<platforms>Playstation</platforms>
		<extensions>cue|toc|m3u</extensions>
		<allowvfs>false</allowvfs>
		<blockextract>false</blockextract>
	</extension>
	<extension point="xbmc.addon.metadata">
		<summary lang="en">Mednafen PSX v0.9.28</summary>
		<description>Mednafen is a portable multi-system emulator. This is port of the Mednafen PSX core to the libretro API. PlayStation 1 emulation is currently in a buggy alpha state and not all hardware and features are emulated. A dual-core Phenom II or Athlon II at 3GHz or higher, or rough equivalent, is recommended for running Mednafen's PlayStation 1 emulation. PSF1 playback is supported.

Supported files: .cue, .toc, .m3u

Icon credit: Anarkhya (anarkhya.deviantart.com)

Source: https://github.com/libretro/mednafen-libretro</description>
		<platform>linux</platform>
		<nofanart>true</nofanart>
		
	</extension>
</addon>