<?xml version="1.0" encoding="UTF-8"?>
<addon id="gameclient.quicknes"
		name="QuickNES"
		version="1.0.2"
		provider-name="Libretro">
	<requires>
		<import addon="xbmc.libretro" version="1.0.0"/>
	</requires>
	<extension point="xbmc.gameclient"
			library_android=""
			library_linux=""
			library_osx=""
			library_windx="quicknes_libretro.dll"
			library_wingl="quicknes_libretro.dll">
		<platforms>NES</platforms>
		<extensions>nes</extensions>
		<allowvfs>true</allowvfs>
		<blockextract>false</blockextract>
	</extension>
	<extension point="xbmc.addon.metadata">
		<summary lang="en">QuickNES v1</summary>
		<description>The QuickNES core library, originally by Shay Green, heavily modified. QuickNES is a newer emulator that seems to have good compatibility.

Supported files: .nes

Source: https://github.com/libretro/QuickNES_Core</description>
		<platform>windx wingl</platform>
		<noicon>true</noicon>
		<nofanart>true</nofanart>
		
	</extension>
</addon>