<?xml version="1.0" encoding="UTF-8"?>
<addon id="gameclient.bnes"
		name="bNES"
		version="0.83.0"
		provider-name="Libretro">
	<requires>
		<import addon="xbmc.libretro" version="1.0.0"/>
	</requires>
	<extension point="xbmc.gameclient"
			library_android=""
			library_linux="libretro-bnes.so"
			library_osx=""
			library_windx=""
			library_wingl="">
		<platforms>NES</platforms>
		<extensions>nes</extensions>
		<allowvfs>false</allowvfs>
		<blockextract>false</blockextract>
	</extension>
	<extension point="xbmc.addon.metadata">
		<summary lang="en">bNES v083</summary>
		<description>libretro port of bNES, a NES emulator.

Supported files: .nes

Authors: byuu, Ryphecha.

Source: https://github.com/libretro/bnes-libretro</description>
		<platform>linux</platform>
		<nofanart>true</nofanart>
		<!--<broken>Poor performance and reported crashes. Use FCEU-Next.</broken>-->
		
	</extension>
</addon>