<?xml version="1.0" encoding="UTF-8"?>
<addon id="gameclient.fceu-next"
		name="FCEU-Next"
		version="0.98.13"
		provider-name="Libretro">
	<requires>
		<import addon="xbmc.libretro" version="1.0.0"/>
	</requires>
	<extension point="xbmc.gameclient"
			library_android=""
			library_linux="libretro-fceu.so"
			library_osx=""
			library_windx=""
			library_wingl="">
		<platforms>NES</platforms>
		<extensions>fds|nes|unif|zip</extensions>
		<allowvfs>no</allowvfs>
		<blockextract>no</blockextract>
	</extension>
	<extension point="xbmc.addon.metadata">
		<summary lang="en">FCEU-Next v0.98.13mm (SVN)</summary>
		<description>Port of FCEUmm / FCEUX to Libretro. FCEUX is a NES, Famicom, and Famicom Disk System (FDS) emulator. The concept behind FCEUX is to merge elements from FCEU Ultra, FCEU rerecording, FCEUXD, FCEUXDSP, FCEUXDSP CE, and FCEU-mm into a single branch of FCEU.

Supported files: .fds, .nes, .unif, .zip

Icon credit: Anarkhya (anarkhya.deviantart.com)

Source: https://github.com/libretro/fceu-next</description>
		<platform>linux</platform>
		<nofanart>true</nofanart>
		
	</extension>
</addon>